UniqueCallers,TotalUniqueCallers,TotalCallDuration
3.52812E+11,1,64
2.12672E+11,1,222
50586232677,1,162
15027952970,1,901
2.12524E+11,1,726
2.12656E+11,1,1023
14164888410,1,89
2.12613E+11,1,798
3.53871E+11,1,682
2.40333E+11,1,677
22893067107,1,953
4.42079E+11,1,182
2.12662E+11,1,662
4.95096E+11,1,2109
4.42085E+11,1,2365
8455821989,2,1107
33643882092,1,286
46855326566,1,205
78123254019,1,934
2.21768E+11,1,298
1.25286E+12,1,353
22375815843,1,101
4.73287E+12,1,654
31633444835,1,853
19854698828,92,59036
2.58847E+11,1,35
22376977724,2,1476
19792309484,3,2175
34629501882,1,998
19785269893,1,40
34645016102,1,1035
5,47,25897
9178701121,1,2379
2.12664E+11,1,518
21620307945,1,735
1422856494,1,942
2.40222E+11,1,1924
15615031377,1,930
17183628029,1,882
4.41111E+11,2,3486
19857784839,18,15386
2104790336,4,2723
5.51199E+12,1,692
852800205,1,948
37066185060,1,35335
5.73218E+11,1,721
5.75285E+12,1,2667
2.1261E+11,1,494
5153290965,3,1876
19856186055,2,1279
4.47448E+11,1,694
2.12661E+11,1,336
2.12619E+11,1,941
2.24622E+11,1,130
4.4742E+11,1,566
9.666E+11,1,694
1.97878E+17,7,2630
4123512893,3,1479
8.61368E+12,1,910
8.10289E+12,1,1950
8341699388,1,85
2.44916E+11,1,40
19792302584,4,872
17778893256,1,1016
8451548501,2,1224
2.12625E+11,1,523
16154571414,1,312
77781264193,1,124
27604582687,1,9
13123127787,2,1115
2.12523E+11,1,253
9.64781E+12,1,1378
48696812982,1,654
33781975648,1,823
37066185082,1,33813
34650244151,1,861
22373916149,1,1014
37066185005,1,54219
18293971363,1,81
38523286022,1,945
4.97273E+11,2,2336
1.00156E+13,1,526
4.96102E+12,1,499
13094740868,15,7156
4.47978E+11,1,123
19899170663,2,709
3539341063,1,375
33427015599,1,283
4.65567E+11,1,2197
3055078510,1,913
19793330310,2,1113
34653199032,2,918
33481190065,1,136
33626462239,1,242
22233447247,1,398
2.12616E+11,1,148
5.51597E+11,1,244
33620337910,1,605
3539855093,1,662
15204816374,1,263
2.12537E+11,1,941
19894884489,1,995
50946057810,1,939
14404256986,3,2119
23230388977,1,167
2.40223E+11,1,417
19795751542,1,36
4.42071E+11,2,1603
96550835058,1,772
79247305560,1,231
46700715576,1,885
2.12539E+11,1,30
2.13555E+11,1,1728
934472101,1,181
19896832644,8,4569
2.12667E+11,1,834
2.12673E+11,1,569
37066186005,1,38557
9.19709E+11,1,569
5.82799E+11,1,342
33646798706,1,607
16154886381,1,190
